Tweets,Classified,FreqWord
 calm director day science meetings nasal talk cutting edge remote sensing research drought veg fluorescence calm love,Positive,drought
 love thought drought,Positive,drought
 reign mother kerr funny none tried make come back drought,Positive,drought
 wonder could help thai market b post reuters drought devastates south europe crops,Negative,drought
 wonder could help thai market b post reuters drought devastates south europe crops,Negative,crops
 wonder could help thai market b post reuters drought devastates south europe crops,Negative,crops
 wonder could help thai market b post reuters drought devastates south europe crops,Negative,business
 every child safe drinking water thank uk aid providing suppo ensure children rights drought,Positive,drought
 every child safe drinking water thank uk aid providing suppo ensure children rights drought,Positive,water
 times live wow watch drought drought asks capetown vloggerhttpcorehokxceem,Positive,drought
 times live wow watch drought drought asks capetown vloggerhttpcorehokxceem,Positive,drought
 sustained drought killing american family farms west high plains climate news,Negative,drought
 yo say instant message ants new music feels like drought ready end,Positive,drought
 drought ever p einen tissue eu agriculture malta actively working avoid drier future,Positive,drought
 drought ever p einen tissue eu agriculture malta actively working avoid drier future,Positive,crops
 drought ever p einen tissue eu agriculture malta actively working avoid drier future,Positive,severe
 drought ever p einen tissue eu agriculture malta actively working avoid drier future,Positive,crops
 go easy hosepipe usage water water drought daily express uk,Moderately Positive,drought
 go easy hosepipe usage water water drought daily express uk,Moderately Positive,water
 go easy hosepipe usage water water drought daily express uk,Moderately Positive,water
 bantu hots love drought tanseduaubcedubdub,Positive,drought
 love got lose virginity week long drought eduaubdedubu,Moderately Positive,drought
 hot new hip hop future thought drought,Positive,drought
 going right africa due drought love cant remember ever hearing repo ed news station anywhere russia,Positive,drought
 going right africa due drought love cant remember ever hearing repo ed news station anywhere russia,Positive,severe
 rev ransom canoga council mile stretch noh south good drought turns,Positive,drought
 neville rooney end ever tons trophy drought former toffees captain thinks england time leading,Positive,drought
 neville rooney end ever tons trophy drought former toffees captain thinks england time leading,Positive,severe
 vim top application program interface laughing f king oh san diego always going drought,Positive,drought
 vim top application program interface laughing f king oh san diego always going drought,Positive,farmers
 day long love wont shaken drought storm,Highly Positive,drought
 sometimes even drought find shred beauty filter needed,Highly Positive,drought
 cashier fresh drought dot get ass anyway,Negative,drought
 greg old drought barley burning top wheat staying green miracle,Positive,drought
 ads mitre sic policy podcast drought water management water insecure future might interest,Positive,drought
 ads mitre sic policy podcast drought water management water insecure future might interest,Positive,water
 ads mitre sic policy podcast drought water management water insecure future might interest,Positive,water
 love cant even remember last time love sex talk drought edu au bee dub uaeduaubcedubfubeuduufef,Positive,drought
 drought real bi,Positive,drought
 unicef oz every child safe drinking water thank uk aid providing suppo ensure children rights drought affect e,Positive,drought
 unicef oz every child safe drinking water thank uk aid providing suppo ensure children rights drought affect e,Positive,water
 unicef oz every child safe drinking water thank uk aid providing suppo ensure children rights drought affect e,Positive,water
 unicef oz every child safe drinking water thank uk aid providing suppo ensure children rights drought affect e,Positive,farmers
 unicef oz every child safe drinking water thank uk aid providing suppo ensure children rights drought affect e,Positive,heat
 unicef oz every child safe drinking water thank uk aid providing suppo ensure children rights drought affect e,Positive,severe
 unicef oz every child safe drinking water thank uk aid providing suppo ensure children rights drought affect e,Positive,economy
 unicef oz every child safe drinking water thank uk aid providing suppo ensure children rights drought affect e,Positive,business
 alyssa khol good whatever instant message drought eduaubdedubu,Positive,drought
 affection refreshing drought,Positive,drought
 bolivia fights drought help overseas,Negative,drought
 drought said thought love hoop wharf ted uaubdedubuaeduaubdedubu,Positive,drought
 ovo corey we ou enjoying young talent salty year finals drought rockets fans feel need relevant today id,Positive,drought
 ovo corey we ou enjoying young talent salty year finals drought rockets fans feel need relevant today id,Positive,drought
 solar etch help california drought solar technology,Positive,drought
 fox spos braves kong ref lesson learned better get caught rain get caught drought,Positive,drought
 hatte ee friends cutting instant message drought,Positive,drought
 remarkable story determined people clung homes way life enduring drought dust disease even death nearly decade,Positive,drought
 step ghost first time love ever heard thought drought,Positive,drought
 step ghost first time love ever heard thought drought,Positive,severe
 us farmer una researchers found new way help plants preserve water survive drought httptcoiclwrkjkagchatoz,Positive,drought
 us farmer una researchers found new way help plants preserve water survive drought httptcoiclwrkjkagchatoz,Positive,water
 us farmer una researchers found new way help plants preserve water survive drought httptcoiclwrkjkagchatoz,Positive,farmers
 us farmer una researchers found new way help plants preserve water survive drought httptcoiclwrkjkagchatoz,Positive,business
 vess xll few proud belle cloud brings rain drought interesting honest,Positive,drought
 get wake sum pussy tomorrow finally love month drought eduaubdedubua,Positive,drought
 proud belle cloud brings rain drought interesting honest,Positive,drought
 drought california water utility company adve is ed billboard encouraging couples shower together save water,Moderately Positive,drought
 drought california water utility company adve is ed billboard encouraging couples shower together save water,Moderately Positive,water
 drought california water utility company adve is ed billboard encouraging couples shower together save water,Moderately Positive,water
 cnn love drought forcing many somali women travel far food often encountering sexual predators a long way http co,Positive,drought
 cnn love drought forcing many somali women travel far food often encountering sexual predators a long way http co,Positive,water
 cnn love drought forcing many somali women travel far food often encountering sexual predators a long way http co,Positive,farmers
 cnn love drought forcing many somali women travel far food often encountering sexual predators a long way http co,Positive,farmers
 cnn love drought forcing many somali women travel far food often encountering sexual predators a long way http co,Positive,scarcity
 cnn love drought forcing many somali women travel far food often encountering sexual predators a long way http co,Positive,heat
 cnn love drought forcing many somali women travel far food often encountering sexual predators a long way http co,Positive,economy
 life effective aa cocaine drought,Positive,drought
 good drought laughing f king,Positive,drought
 good drought laughing f king,Positive,farmers
 bitch i love you balling drought fuck year old clout quote,Negative,drought
 bitch i love you balling drought fuck year old clout quote,Negative,scarcity
 bitch i love you balling drought fuck year old clout quote,Negative,business
 stop love drought,Positive,drought
 global dance elect festival season got bank account dryer california drought hop escape payment plan,Positive,drought
 love drought one best song lemonade,Positive,drought
 enjoying young talent salty year finals drought rockets fans feel need relevant,Positive,drought
 slave master thought drought percocet stripper joint,Moderately Positive,drought
 drought might magic still alive,Moderately Positive,drought
 holman dee i brainstorm shit get drought love strategist details thread heads taedlivingeduaubdedubua,Positive,drought
 holman dee i brainstorm shit get drought love strategist details thread heads taedlivingeduaubdedubua,Positive,scarcity
 holman dee i brainstorm shit get drought love strategist details thread heads taedlivingeduaubdedubua,Positive,business
 four year drought lakes back top,Moderately Positive,drought
 friends cutting instant message drought,Positive,drought
 el nino looms large in drought strong typhoons forecast vietnam vnexpress international,Positive,drought
 el nino looms large in drought strong typhoons forecast vietnam vnexpress international,Positive,business
 ohs idiot hope might check podcast discussing future drought future water management opti,Negative,drought
 ohs idiot hope might check podcast discussing future drought future water management opti,Negative,water
 around tamilnadu farmers demanding loan waiver drought relief package near prime minister narendra mods residence detained,Negative,drought
 around tamilnadu farmers demanding loan waiver drought relief package near prime minister narendra mods residence detained,Negative,farmers
 us farmer aciar australia great plants found way preserve water survive drought,Moderately Positive,drought
 us farmer aciar australia great plants found way preserve water survive drought,Moderately Positive,water
 us farmer aciar australia great plants found way preserve water survive drought,Moderately Positive,farmers
 us farmer aciar australia great plants found way preserve water survive drought,Moderately Positive,business
 thunderstorm make shea happy grass getting crunchy drought,Positive,drought
 kowalchuk farms mm sure love could call hanging differing opinions drought drought,Positive,drought
 kowalchuk farms mm sure love could call hanging differing opinions drought drought,Positive,drought
very very less water scarcity leads enough drinking water,Highly Positive,water
very very less water scarcity leads enough drinking water,Highly Positive,water
very very less water scarcity leads enough drinking water,Highly Positive,scarcity
very low drought improve crops ,Moderately Positive,drought
very low drought improve crops ,Moderately Positive,crops
very low drought improve crops ,Moderately Positive,crops
less drought increase economy,Positive,drought
less drought increase economy,Positive,economy
no drought no suicide,Negative,drought
no drought no suicide,Negative,economy
no drought no suicide,Negative,economy
very very less water scarcity leads happy farmers,Highly Positive,water
very very less water scarcity leads happy farmers,Highly Positive,farmers
very very less water scarcity leads happy farmers,Highly Positive,scarcity
very low drought improve business,Moderately Positive,drought
very low drought improve business,Moderately Positive,business
less drought increase economy,Positive,drought
less drought increase economy,Positive,economy
no drought no suicide,Negative,drought
no drought no suicide,Negative,economy
no drought no suicide,Negative,economy
very very less water scarcity leads enough drinking water,Highly Positive,water
very very less water scarcity leads enough drinking water,Highly Positive,water
very very less water scarcity leads enough drinking water,Highly Positive,scarcity
very low drought improve crops ,Moderately Positive,drought
very low drought improve crops ,Moderately Positive,crops
very low drought improve crops ,Moderately Positive,crops
less drought increase economy,Positive,drought
less drought increase economy,Positive,economy
no drought no suicide,Negative,drought
no drought no suicide,Negative,economy
no drought no suicide,Negative,economy
very very less water scarcity leads happy farmers,Highly Positive,water
very very less water scarcity leads happy farmers,Highly Positive,farmers
very very less water scarcity leads happy farmers,Highly Positive,scarcity
very low drought improve business,Moderately Positive,drought
very low drought improve business,Moderately Positive,business
less drought increase economy,Positive,drought
less drought increase economy,Positive,economy
no drought no suicide,Negative,drought
no drought no suicide,Negative,economy
no drought no suicide,Negative,economy
very very less water scarcity leads enough drinking water,Highly Positive,water
very very less water scarcity leads enough drinking water,Highly Positive,water
very very less water scarcity leads enough drinking water,Highly Positive,scarcity
very low drought improve crops ,Moderately Positive,drought
very low drought improve crops ,Moderately Positive,crops
very low drought improve crops ,Moderately Positive,crops
less drought increase economy,Positive,drought
less drought increase economy,Positive,economy
no drought no suicide,Negative,drought
no drought no suicide,Negative,economy
no drought no suicide,Negative,economy
very very less water scarcity leads happy farmers,Highly Positive,water
very very less water scarcity leads happy farmers,Highly Positive,farmers
very very less water scarcity leads happy farmers,Highly Positive,scarcity
very low drought improve business,Moderately Positive,drought
very low drought improve business,Moderately Positive,business
less drought increase economy,Positive,drought
less drought increase economy,Positive,economy
no drought no suicide,Negative,drought
no drought no suicide,Negative,economy
no drought no suicide,Negative,economy
drought was triggered scanty rains,Positive,drought
 little jay understand boo drought rift,Positive,drought
marathwada region among those worst hit by drought,Negative,drought
ground water depletion signals hydrological drought,Positive,drought
ground water depletion signals hydrological drought,Positive,water
 drought worst,Negative,drought
drop yield means we have agricultural drought,Negative,drought
 nth sorry europe wide research repo revealed common staples threat water scarcity drought developing quot,Negative,drought
 nth sorry europe wide research repo revealed common staples threat water scarcity drought developing quot,Negative,water
 nth sorry europe wide research repo revealed common staples threat water scarcity drought developing quot,Negative,scarcity
 fake u cloud brings rain crops drought,Negative,drought
 fake u cloud brings rain crops drought,Negative,drought
 fake u cloud brings rain crops drought,Negative,crops
 fake u cloud brings rain crops drought,Negative,crops
 fake u cloud brings rain crops drought,Negative,business
 year old katie james tempest like drought emptiness,Negative,drought
 tog steep fights doubts got thankful rain cause got drought,Negative,drought
 objections world kannada meet amidst drought,Positive,drought
 damn jay phone de se chapped slips shy assanklesdryeduaubeedubu aeduaubcedubfubeuduufef my shit drought,Negative,drought
 damn jay phone de se chapped slips shy assanklesdryeduaubeedubu aeduaubcedubfubeuduufef my shit drought,Negative,severe
 damn jay phone de se chapped slips shy assanklesdryeduaubeedubu aeduaubcedubfubeuduufef my shit drought,Negative,economy
states  hit by drought after two consecutive years of weak monsoon,Negative,drought
suicide rate had already started climbing with the onset of the drought last year,Negative,drought
million people are affected by drought in India,Negative,drought
million people are affected by drought in India,Negative,business
 sri less average monsoon actually looks like another year drought year,Positive,drought
 severe drought devastates south europe crops http cox du vw,Negative,drought
 severe drought devastates south europe crops http cox du vw,Negative,crops
 severe drought devastates south europe crops http cox du vw,Negative,severe
 severe drought devastates south europe crops http cox du vw,Negative,crops
 british columbia forest fires control evacuated reason given drought rude dead trees tube,Negative,drought
 year old ever since little sister discovered food colouring b bryan put everything laughing may thought cool ass face drinking pinch water eduaubdedubu,Positive,water
 year old ever since little sister discovered food colouring b bryan put everything laughing may thought cool ass face drinking pinch water eduaubdedubu,Positive,severe
 year old ever since little sister discovered food colouring b bryan put everything laughing may thought cool ass face drinking pinch water eduaubdedubu,Positive,business
 baseball is m pessimist sees drought rain optimist sees drought rain outs americas brand,Positive,drought
 baseball is m pessimist sees drought rain optimist sees drought rain outs americas brand,Positive,drought
 baseball is m pessimist sees drought rain optimist sees drought rain outs americas brand,Positive,farmers
 baseball is m pessimist sees drought rain optimist sees drought rain outs americas brand,Positive,economy
 evil grin used new a icle drought identification eastern baltic region using ndvi,Negative,drought
 evil grin used new a icle drought identification eastern baltic region using ndvi,Negative,water
 evil grin used new a icle drought identification eastern baltic region using ndvi,Negative,farmers
 evil grin used new a icle drought identification eastern baltic region using ndvi,Negative,scarcity
 evil grin used new a icle drought identification eastern baltic region using ndvi,Negative,heat
 tone india drought hit farmers tamilnadu back delhi renewed vigour protest farmers,Negative,drought
 tone india drought hit farmers tamilnadu back delhi renewed vigour protest farmers,Negative,farmers
 tone india drought hit farmers tamilnadu back delhi renewed vigour protest farmers,Negative,farmers
 brother pouya little pour music coming drought family,Positive,drought
 attention somalia see fishing helping somali youth prevent famine communities drought,Positive,drought
 attention somalia see fishing helping somali youth prevent famine communities drought,Positive,drought
 drought famine natural disasters,Negative,drought
 drought famine natural disasters,Negative,drought
 albeit rather weak drought,Moderately Negative,drought
drought impact on farmers only getting worse,Negative,drought
drought impact on farmers only getting worse,Negative,farmers
drought impact on farmers only getting worse,Negative,economy
farmer facing low yield because of drought,Negative,drought
farmer facing low yield because of drought,Negative,farmers
�government released funds affected regions where crippling shortage of rainfall forced rationing drinking water some communities,Negative,water
�government released funds affected regions where crippling shortage of rainfall forced rationing drinking water some communities,Negative,water
 drought famine natural disaster baby around,Negative,drought
 drought famine natural disaster baby around,Negative,drought
 gautama also people living drought prone water scarcity region eduaubdedubu,Positive,drought
 gautama also people living drought prone water scarcity region eduaubdedubu,Positive,water
 gautama also people living drought prone water scarcity region eduaubdedubu,Positive,scarcity
 people also dying diseases like cholera result drought humanitarian pane rs integrated respon,Positive,drought
 people also dying diseases like cholera result drought humanitarian pane rs integrated respon,Positive,farmers
 current drought glasgow worst evernote precipitation totals jan to june,Negative,drought
 reuters television severe drought devastates south europe crops http cox du vw,Moderately Negative,drought
 reuters television severe drought devastates south europe crops http cox du vw,Moderately Negative,crops
 reuters television severe drought devastates south europe crops http cox du vw,Moderately Negative,severe
 reuters television severe drought devastates south europe crops http cox du vw,Moderately Negative,crops
 trappers said today marks year anniversary little wanes mixtape drought,Positive,drought
during every drought there are allegations of corruption,Positive,drought
 ryan harkness due political sorrow california since november nth southern california drought abruptly ended threes,Negative,drought
 drought drives huge deadly cobra offered water bottle,Positive,drought
 drought drives huge deadly cobra offered water bottle,Positive,water
 despite famine scarcity clean water rude cholera epidemic us saudi coalition continues bomb farms rude water pumps,Negative,water
 despite famine scarcity clean water rude cholera epidemic us saudi coalition continues bomb farms rude water pumps,Negative,water
 despite famine scarcity clean water rude cholera epidemic us saudi coalition continues bomb farms rude water pumps,Negative,scarcity
 despite famine scarcity clean water rude cholera epidemic us saudi coalition continues bomb farms rude water pumps,Negative,business
 bail warned severe drought jaka a post http tcohtgicuhemibanglibali today,Negative,drought
 bail warned severe drought jaka a post http tcohtgicuhemibanglibali today,Negative,water
 bail warned severe drought jaka a post http tcohtgicuhemibanglibali today,Negative,farmers
 bail warned severe drought jaka a post http tcohtgicuhemibanglibali today,Negative,scarcity
 bail warned severe drought jaka a post http tcohtgicuhemibanglibali today,Negative,heat
 bail warned severe drought jaka a post http tcohtgicuhemibanglibali today,Negative,severe
 built ethic know save us awful drought dying,Positive,drought
 built ethic know save us awful drought dying,Positive,business
 reuters television severe drought devastates south europe cropshttpcoupijdlwmfrx,Moderately Negative,drought
 reuters television severe drought devastates south europe cropshttpcoupijdlwmfrx,Moderately Negative,severe
 changer mindset despite famine scarcity clean water rude cholera epidemic us saudi coalition continues bomb farms rude water pumps heard,Negative,water
 changer mindset despite famine scarcity clean water rude cholera epidemic us saudi coalition continues bomb farms rude water pumps heard,Negative,water
 changer mindset despite famine scarcity clean water rude cholera epidemic us saudi coalition continues bomb farms rude water pumps heard,Negative,scarcity
 changer mindset despite famine scarcity clean water rude cholera epidemic us saudi coalition continues bomb farms rude water pumps heard,Negative,business
 jamie larsen yes drought taken toll last month would thought fall rye would beet knee today sad,Moderately Negative,drought
 rot ski chelsea fans tweet came loved int call ante laughing loud someone initiative drought offensively guys,Positive,drought
maharasraregions were worst hit by the drought and have also been impacted by unseasonal rain,Negative,drought
 drought hit farmers tamilnadu back delhi renewed vigour protest farmers,Negative,drought
 drought hit farmers tamilnadu back delhi renewed vigour protest farmers,Negative,farmers
 drought hit farmers tamilnadu back delhi renewed vigour protest farmers,Negative,farmers
drought kills large amount of farmers,Negative,drought
drought kills large amount of farmers,Negative,farmers
 iraq slides toward state failure us bright military violence climate change water scarcity rude energy volatility,Negative,water
 iraq slides toward state failure us bright military violence climate change water scarcity rude energy volatility,Negative,scarcity
 iraq slides toward state failure us bright military violence climate change water scarcity rude energy volatility,Negative,business
 europe wide research repo revealed common staples threat water scarcity drought developing world,Negative,drought
 europe wide research repo revealed common staples threat water scarcity drought developing world,Negative,water
 europe wide research repo revealed common staples threat water scarcity drought developing world,Negative,scarcity
the poor rain points meterological drought,Negative,drought
 climate news ca give break drought climate change pathetic,Negative,drought
 climate news ca give break drought climate change pathetic,Negative,scarcity
 watch drought drought asks capetown vloggerhttpcorehokxcef,Positive,drought
 watch drought drought asks capetown vloggerhttpcorehokxcef,Positive,drought
maharastra farmers facing severe agrarian distress due to drought,Negative,drought
maharastra farmers facing severe agrarian distress due to drought,Negative,farmers
maharastra farmers facing severe agrarian distress due to drought,Negative,severe
drought kills,Negative,drought
 kith hair kastelorizo grins less end water scarcity old st cascade effect high tourist demand climate desalination failure sim nexus,Moderately Negative,water
 kith hair kastelorizo grins less end water scarcity old st cascade effect high tourist demand climate desalination failure sim nexus,Moderately Negative,scarcity
 experiencing one hell drought,Negative,drought
 kanye best drought drives huge deadly cobra offered water bottle,Positive,drought
 kanye best drought drives huge deadly cobra offered water bottle,Positive,water
 madison carver drought famine natural disaster baby around,Negative,drought
 madison carver drought famine natural disaster baby around,Negative,drought
 drought is ah killer eduaubdedubueduaubeedubu aeduaubcedubfubeuduufef,Negative,drought
 severe drought devastates south europe crops http cosmo mmp,Negative,drought
 severe drought devastates south europe crops http cosmo mmp,Negative,crops
 severe drought devastates south europe crops http cosmo mmp,Negative,severe
 severe drought devastates south europe crops http cosmo mmp,Negative,crops
 byu lies us your fan need sec endure therein katherine drought month edu aube edu bu,Negative,drought
 byu lies us your fan need sec endure therein katherine drought month edu aube edu bu,Negative,business
 byu lies us your fan need sec endure therein katherine drought month edu aube edu bu,Negative,business
 kirenrijijupemakhandubjp thus hypocrisy first farmers lost everything due drought,Negative,drought
 kirenrijijupemakhandubjp thus hypocrisy first farmers lost everything due drought,Negative,farmers
 severe drought devastates south europe crops http cosmo tm mp see,Negative,drought
 severe drought devastates south europe crops http cosmo tm mp see,Negative,crops
 severe drought devastates south europe crops http cosmo tm mp see,Negative,severe
 severe drought devastates south europe crops http cosmo tm mp see,Negative,crops
 severe drought devastates south europe cropshttpcoupijdlwmfrx,Negative,drought
 severe drought devastates south europe cropshttpcoupijdlwmfrx,Negative,severe
 japan times heat drought feed wildfires across italy threatening beaches near rome,Negative,drought
 japan times heat drought feed wildfires across italy threatening beaches near rome,Negative,heat
 tone green planet foot king cobra desperate escape drought gently drinks water bottle,Positive,drought
 tone green planet foot king cobra desperate escape drought gently drinks water bottle,Positive,water
 widespread drought followed by freak rains and hailstorms pushed many farmers over edge,Negative,drought
 widespread drought followed by freak rains and hailstorms pushed many farmers over edge,Negative,farmers
 festival season got bank account dryer california drought hop escape payment plan,Positive,drought
 heat drought feed wildfires italy beaches near threatened httpcoxkpgshxpeg,Negative,drought
 heat drought feed wildfires italy beaches near threatened httpcoxkpgshxpeg,Negative,heat
ground water depletion signals hydrological drought,Positive,drought
ground water depletion signals hydrological drought,Positive,water
 times live watch drought drought asks capetown vloggerhttpcorehokxcef,Positive,drought
 times live watch drought drought asks capetown vloggerhttpcorehokxcef,Positive,drought
 attention knowledge podcast future climate induced drought water scarcity interest f,Positive,drought
 attention knowledge podcast future climate induced drought water scarcity interest f,Positive,water
 attention knowledge podcast future climate induced drought water scarcity interest f,Positive,farmers
 attention knowledge podcast future climate induced drought water scarcity interest f,Positive,scarcity
 drought never cites,Positive,drought
 heat drought feed wildfires italy beaches near threatened httpcohesszxqz,Negative,drought
 heat drought feed wildfires italy beaches near threatened httpcohesszxqz,Negative,heat
 heat drought feed wildfires italy beaches near threatened italian,Negative,drought
 heat drought feed wildfires italy beaches near threatened italian,Negative,heat
 drought worst,Negative,drought
 systemic failure million californians lack safe drinking water,Negative,water
drop yield means we have agricultural drought,Negative,drought
 ashok geh lot our govt made eff os ensure farmer sleep without meal drought rare got failed provide,Negative,drought
 ashok geh lot our govt made eff os ensure farmer sleep without meal drought rare got failed provide,Negative,farmers
 dram ian esque main man ended our year trophy drought brought silverware back old trafford eduaubdedubue,Moderately Positive,drought
 fake u cloud brings rain crops drought,Negative,drought
 fake u cloud brings rain crops drought,Negative,drought
 fake u cloud brings rain crops drought,Negative,crops
 fake u cloud brings rain crops drought,Negative,crops
 fake u cloud brings rain crops drought,Negative,business
 drought eduaubdedubua,Positive,drought
 tog steep fights doubts got thankful rain cause got drought,Negative,drought
 want news raider baseball ends year drought beat huskies sectional final http co room wxt i,Moderately Positive,drought
 want news raider baseball ends year drought beat huskies sectional final http co room wxt i,Moderately Positive,scarcity
 want news raider baseball ends year drought beat huskies sectional final http co room wxt i,Moderately Positive,economy
 want news raider baseball ends year drought beat huskies sectional final http co room wxt i,Moderately Positive,business
 former eve on captain phi neville firmly believe swayne rooney end toffees trophy drought ef cpl,Positive,drought
 former eve on captain phi neville firmly believe swayne rooney end toffees trophy drought ef cpl,Positive,severe
 former eve on captain phi neville firmly believe swayne rooney end toffees trophy drought ef cpl,Positive,economy
 oh drought never cites,Positive,drought
 objections world kannada meet amidst drought,Positive,drought
 black pink active omg the month drought woh,Positive,drought
 bringing rain crops long drought also known bringing music uslonghiatuseduaubdedubu,Positive,drought
 bringing rain crops long drought also known bringing music uslonghiatuseduaubdedubu,Positive,crops
 bringing rain crops long drought also known bringing music uslonghiatuseduaubdedubu,Positive,crops
 sec rules top updating demands cloud bringing rain crops clique drought new music,Positive,drought
 sec rules top updating demands cloud bringing rain crops clique drought new music,Positive,crops
 sec rules top updating demands cloud bringing rain crops clique drought new music,Positive,crops
 soulmates keep touch deserve drought millions us like army s actually streaming http co,Positive,drought
 soulmates keep touch deserve drought millions us like army s actually streaming http co,Positive,farmers
 soulmates keep touch deserve drought millions us like army s actually streaming http co,Positive,crops
 soulmates keep touch deserve drought millions us like army s actually streaming http co,Positive,scarcity
 soulmates keep touch deserve drought millions us like army s actually streaming http co,Positive,severe
 soulmates keep touch deserve drought millions us like army s actually streaming http co,Positive,crops
 soulmates keep touch deserve drought millions us like army s actually streaming http co,Positive,economy
 soulmates keep touch deserve drought millions us like army s actually streaming http co,Positive,business
 soulmates keep touch deserve drought millions us like army s actually streaming http co,Positive,business
 rain crops drought j trough,Positive,drought
 rain crops drought j trough,Positive,crops
 rain crops drought j trough,Positive,crops
 citron drought long eduaubdedubu,Positive,drought
 instant message used sex everyday eduaubdedubu drought city,Positive,drought
 instant message used sex everyday eduaubdedubu drought city,Positive,scarcity
 ftp friendly fire bears went serious drought linebacker position hats though,Negative,drought
 en weirs drought issues,Positive,drought
 instant message dry spell major drought eduaubeedubuaeduaubcedub fubduduufefeduaubeedubub eduaubcedubfubduduufefed uaubdedubueduaubdedubu,Positive,drought
 reading water footprint nice repo vulnerabilities eu economy global water scarcity drought cocoa included,Positive,drought
 reading water footprint nice repo vulnerabilities eu economy global water scarcity drought cocoa included,Positive,water
 reading water footprint nice repo vulnerabilities eu economy global water scarcity drought cocoa included,Positive,water
 reading water footprint nice repo vulnerabilities eu economy global water scarcity drought cocoa included,Positive,scarcity
 reading water footprint nice repo vulnerabilities eu economy global water scarcity drought cocoa included,Positive,economy
 neville rooney end ever tons trophy drought former toffees captain thinks england time leading,Positive,drought
 neville rooney end ever tons trophy drought former toffees captain thinks england time leading,Positive,severe
 heat drought feed wildfires italy beaches near threatened http co playing btz c,Negative,drought
 heat drought feed wildfires italy beaches near threatened http co playing btz c,Negative,crops
 heat drought feed wildfires italy beaches near threatened http co playing btz c,Negative,scarcity
 heat drought feed wildfires italy beaches near threatened http co playing btz c,Negative,heat
 heat drought feed wildfires italy beaches near threatened http co playing btz c,Negative,crops
 heat drought feed wildfires italy beaches near threatened http co playing btz c,Negative,economy
 heat drought feed wildfires italy beaches near threatened http co playing btz c,Negative,economy
 ida want drought eduaubdedubua,Positive,drought
 love drought crazy edu aubdedubuaeduaubdedubuae duaubdedubuaeduaubdedubu a,Positive,drought
 love drought crazy edu aubdedubuaeduaubdedubuae duaubdedubuaeduaubdedubu a,Positive,water
 love drought crazy edu aubdedubuaeduaubdedubuae duaubdedubuaeduaubdedubu a,Positive,farmers
 love drought crazy edu aubdedubuaeduaubdedubuae duaubdedubuaeduaubdedubu a,Positive,scarcity
 love drought crazy edu aubdedubuaeduaubdedubuae duaubdedubuaeduaubdedubu a,Positive,heat
 attention somalia see fishing helping somali youth prevent famine communities drought,Positive,drought
 attention somalia see fishing helping somali youth prevent famine communities drought,Positive,drought
 la a james how dare that ng run mouth pockets drought aye,Positive,drought
 la a james how dare that ng run mouth pockets drought aye,Positive,water
 la a james how dare that ng run mouth pockets drought aye,Positive,farmers
 la a james how dare that ng run mouth pockets drought aye,Positive,scarcity
 la a james how dare that ng run mouth pockets drought aye,Positive,heat
 drought killing farmers lot,Negative,drought
 drought killing farmers lot,Negative,farmers
 drought famine natural disasters,Negative,drought
 drought famine natural disasters,Negative,drought
 albeit rather weak drought,Moderately Negative,drought
 ads mitre sic policy podcast drought water management water insecure future might interest,Positive,drought
 ads mitre sic policy podcast drought water management water insecure future might interest,Positive,water
 ads mitre sic policy podcast drought water management water insecure future might interest,Positive,water
 mama swoon drought soon attacking,Negative,drought
 dare nag run mouth pockets drought aye,Negative,drought
 typical city government city council brandon south dakota bans watering due week drought today inches rain forecast,Positive,drought
 typical city government city council brandon south dakota bans watering due week drought today inches rain forecast,Positive,scarcity
 typical city government city council brandon south dakota bans watering due week drought today inches rain forecast,Positive,scarcity
 marlnayeezyrsniggaz drought eduaubdedubu,Positive,drought
 nascar drought dennyhemlineduaubcedubfu,Positive,drought
 raider baseball ends year drought beat huskies sectional final http co room wxt i,Moderately Positive,drought
 raider baseball ends year drought beat huskies sectional final http co room wxt i,Moderately Positive,scarcity
 raider baseball ends year drought beat huskies sectional final http co room wxt i,Moderately Positive,economy
 raider baseball ends year drought beat huskies sectional final http co room wxt i,Moderately Positive,business
 trappers said today marks year anniversary little wanes mixtape drought,Positive,drought
 dj steer yd ceilings dedication the drought and tha caer iv shaped life,Positive,drought
 twice cant talk drought nigga rd rd,Moderately Positive,drought
 trapp in drought money vault,Positive,drought
 trapp in drought money vault,Positive,business
 pop sic drought looms could team scientists prove cloud seeding works coiaaqsihx,Negative,drought
 drought devastates south europe crops madrid italian durum wheat dairy farmer attilio cc awwa,Negative,drought
 drought devastates south europe crops madrid italian durum wheat dairy farmer attilio cc awwa,Negative,farmers
 drought devastates south europe crops madrid italian durum wheat dairy farmer attilio cc awwa,Negative,crops
 drought devastates south europe crops madrid italian durum wheat dairy farmer attilio cc awwa,Negative,crops
 instant message drought run,Positive,drought
 call kennnloldontdomebooim going drought ed uaubdedubueduaubdedubuab,Positive,drought
 augustus consult south africa drought western cape dam levels still almost half last years volumes,Positive,drought
 drought long eduaubdedubu,Positive,drought
 enjoy next year ws drought cubseduaubdedubua,Positive,drought
 enjoying young talent salty year finals drought rockets fans feel need relevant,Positive,drought
 climate news ca give break drought climate change pathetic,Negative,drought
 climate news ca give break drought climate change pathetic,Negative,scarcity
drought brought  by  delayed inadequate monsoon,Negative,drought
 world bank natural hazards know borders together combat drought rude de se ification httptcolkpywelcam,Negative,drought
 world bank natural hazards know borders together combat drought rude de se ification httptcolkpywelcam,Negative,severe
 heat drought feed wildfires italy beaches near threatened httpcokgnzutxss,Negative,drought
 heat drought feed wildfires italy beaches near threatened httpcokgnzutxss,Negative,heat
 experiencing one hell drought,Negative,drought
 laughing cause drought ended uaubdedubu,Positive,drought
 four year drought lakes back top,Moderately Positive,drought
 heat drought feed wildfires italy beaches near threatened http crying loud laughing loud qg jr mt,Negative,drought
 heat drought feed wildfires italy beaches near threatened http crying loud laughing loud qg jr mt,Negative,heat
 edu aube edu bu football season almost drought almost ed uaubdedubuaeduaubdedubua,Moderately Positive,drought
 edu aube edu bu football season almost drought almost ed uaubdedubuaeduaubdedubua,Moderately Positive,business
 e marina nicole instant message drought run,Positive,drought
 e marina nicole instant message drought run,Positive,water
 e marina nicole instant message drought run,Positive,farmers
 e marina nicole instant message drought run,Positive,heat
 e marina nicole instant message drought run,Positive,severe
 e marina nicole instant message drought run,Positive,economy
 e marina nicole instant message drought run,Positive,business
 heat drought feed wildfires italy beaches near threatened httpcoghfdgv food thought,Negative,drought
 heat drought feed wildfires italy beaches near threatened httpcoghfdgv food thought,Negative,heat
 drought wheezy gives life,Positive,drought
 collarbone nous rain crops drought j trough,Positive,drought
 collarbone nous rain crops drought j trough,Positive,crops
 collarbone nous rain crops drought j trough,Positive,crops
 systemic failure million californians lack safe drinking water water deeply,Negative,water
 systemic failure million californians lack safe drinking water water deeply,Negative,water
 issue drought eduaubdedubuad,Positive,drought
 young million adyontrabouuuuu drought eduaubdedubuad,Positive,drought
 neville rooney end ever tons trophy drought httpcocryingeyesjebfkdp,Positive,drought
 neville rooney end ever tons trophy drought httpcocryingeyesjebfkdp,Positive,severe
